CNPJ;RAZÃO SOCIAL;GRUPO EMPRESA;GRUPO LOBE;MATRIZ/FILIAL;ABERTURA;CLIENTE DESDE;CLIENTE ATE;PARTICULARIDADES DA EMPRESA
37.364.472/0001-33;A3 CONSULTING SLU LTDA;GRUPO A3 CONSULTING;LB 07;MATRIZ;9/6/2020;9/6/2020;;
19.089.158/0001-08;A. C. L. NEVES TRANSPORTES;GRUPO ACL NEVES;LB 07;MATRIZ;17/10/2013;;;
40.217.025/0001-66;AGRO PET VERA CRUZ EIRELI;GRUPO AGRO PET;LB 07;MATRIZ;29/12/2020;29/12/2020;;
34.814.039/0001-64;AGRO PET KET EIRELI;GRUPO AGRO PET;LB 07;MATRIZ;10/9/2019;1/3/2020;;
34.351.642/0001-57;ALPHAMED COMERCIO DE PRODUTOS HOSPITALARES;GRUPO ALPHAMED;LB 05;MATRIZ;29/7/2019;1/12/2021;;
23.245.718/0001-43;ALVES COSTA INVESTIMENTOS E PARTICIPACOES LTDA;GRUPO ALVES COSTA;LB 05;MATRIZ;9/9/2015;1/6/2018;;
17.032.154/0001-68;ARTESANAL FRANCHISING GESTAO DE INTANGIVEIS LTDA;GRUPO ARTESANAL;LB 01;MATRIZ;16/10/2012;1/1/2022;;
34.890.173/0001-44;CONECTA COMUNICACAO, TREINAMENTO E DESENVOLVIMENTO;GRUPO ARTESANAL;LB 01;MATRIZ;17/9/2019;1/1/2022;;
02.907.061/0018-00;TOKARSKI COMERCIO & INDUSTRIA- 00;GRUPO ARTESANAL;LB 01;FILIAL;4/12/2015;1/1/2022;;
02.907.061/0013-04;TOKARSKI COMERCIO & INDUSTRIA- 04;GRUPO ARTESANAL;LB 01;FILIAL;30/7/2004;1/1/2022;;
02.907.061/0021-06;TOKARSKI COMERCIO & INDUSTRIA- 06;GRUPO ARTESANAL;LB 01;FILIAL;24/4/2018;1/1/2022;;
02.907.061/0009-10;TOKARSKI COMERCIO & INDUSTRIA- 10;GRUPO ARTESANAL;LB 01;FILIAL;26/5/1992;1/1/2022;;
02.907.061/0017-20;TOKARSKI COMERCIO & INDUSTRIA- 20;GRUPO ARTESANAL;LB 01;FILIAL;7/5/2014;1/1/2022;;
02.907.061/0003-24;TOKARSKI COMERCIO & INDUSTRIA- 24;GRUPO ARTESANAL;LB 01;FILIAL;19/9/1986;1/1/2022;;
02.907.061/0002-43;TOKARSKI COMERCIO & INDUSTRIA- 43;GRUPO ARTESANAL;LB 01;FILIAL;5/9/1983;1/1/2022;;
02.907.061/0016-49;TOKARSKI COMERCIO & INDUSTRIA- 49;GRUPO ARTESANAL;LB 01;FILIAL;12/11/2012;1/1/2022;;
02.907.061/0010-53;TOKARSKI COMERCIO & INDUSTRIA- 53;GRUPO ARTESANAL;LB 01;FILIAL;28/4/1995;1/1/2022;;
02.907.061/0001-62;TOKARSKI COMERCIO & INDUSTRIA- 62;GRUPO ARTESANAL;LB 01;MATRIZ;19/5/1981;1/1/2022;;
02.907.061/0015-68;TOKARSKI COMERCIO & INDUSTRIA- 68;GRUPO ARTESANAL;LB 01;FILIAL;22/2/2011;1/1/2022;;
02.907.061/0006-77;TOKARSKI COMERCIO & INDUSTRIA- 77;GRUPO ARTESANAL;LB 01;FILIAL;1/8/1990;1/1/2022;;
02.907.061/0005-96;TOKARSKI COMERCIO & INDUSTRIA- 96;GRUPO ARTESANAL;LB 01;FILIAL;27/3/1989;1/1/2022;;
17.741.621/0001-29;FC SERVICOS ADMINISTRATIVOS;GRUPO ARTESANAL;LB 07;MATRIZ;13/3/2013;1/1/2022;;
19.280.761/0001-72;GFT SERVICOS ADMINISTRATIVOS;GRUPO ARTESANAL;LB 07;MATRIZ;20/11/2013;1/1/2022;;
18.578.438/0001-17;MB SERVICOS ADMINISTRATIVOS;GRUPO ARTESANAL;LB 07;MATRIZ;30/7/2013;1/1/2022;;
26.264.693/0001-13;VL SERVICOS ADMINISTRATIVOS EIRELI;GRUPO ARTESANAL;LB 07;MATRIZ;29/9/2016;1/1/2022;;
23.271.638/0009-10;TOKARSKI & CIA- 10;GRUPO ARTESANAL;LB 01;FILIAL;4/5/2005;1/1/2022;;
23.271.638/0012-15;TOKARSKI & CIA- 15;GRUPO ARTESANAL;LB 01;FILIAL;22/6/2021;1/1/2022;;
23.271.638/0011-34;TOKARSKI & CIA- 34;GRUPO ARTESANAL;LB 01;FILIAL;12/3/2018;1/1/2022;;
23.271.638/0010-53;TOKARSKI & CIA- 53;GRUPO ARTESANAL;LB 01;FILIAL;25/11/2011;1/1/2022;;
23.271.638/0007-58;TOKARSKI & CIA- 58;GRUPO ARTESANAL;LB 01;FILIAL;23/1/2003;1/1/2022;;
23.271.638/0001-62;TOKARSKI & CIA- 62;GRUPO ARTESANAL;LB 01;MATRIZ;10/6/1987;1/1/2022;;
23.271.638/0006-77;TOKARSKI & CIA- 77;GRUPO ARTESANAL;LB 01;FILIAL;3/10/1997;1/1/2022;;
40.500.492/0001-07;REAL TIME EMPREENDIMENTOS;GRUPO ATACADÃO SP;LB 04;MATRIZ;21/1/2021;21/1/2021;;
40.667.054/0001-20;ON TOP PARTICIPAÇÕES;GRUPO ATACADÃO SP;LB 04;MATRIZ;2/2/2021;2/2/2021;;
41.299.316/0001-03;ATACADAO SAO PAULO COMERCIAL- 03;GRUPO ATACADÃO SP;LB 04;MATRIZ;22/3/2021;22/3/2021;;
41.299.316/0002-94;ATACADAO SAO PAULO COMERCIAL- 94;GRUPO ATACADÃO SP;LB 04;FILIAL;10/5/2021;10/5/2021;;
41.299.316/0003-75;ATACADAO SAO PAULO COMERCIAL- 75;GRUPO ATACADÃO SP;LB 04;FILIAL;3/9/2021;3/9/2021;;
41.299.316/0004-56;ATACADAO SAO PAULO COMERCIAL - 56;GRUPO ATACADÃO SP;LB 04;FILIAL;1/10/2021;1/10/2021;;
41.299.316/0005-37;ATACADAO SAO PAULO COMERCIAL - 37;GRUPO ATACADÃO SP;LB 04;FILIAL;13/7/2022;13/7/2022;;
37.322.521/0001-75;TALISMÃ CONSULTORIA;GRUPO ATACADÃO SP;LB 07;MATRIZ;4/6/2020;1/2/2021;;
37.530.695/0001-23;AVELAR MEDICAL LTDA;GRUPO AVELAR;LB 03;MATRIZ;25/6/2020;1/10/2021;;
10.960.950/0001-11;BDP - BRASIL DISTRIBUIDORA DE PRODUTOS OPME;GRUPO BDP;LB 04;MATRIZ;25/6/2009;1/10/2017;;
36.979.350/0001-99;BF DE ANDRADE HOSPITALAR LTDA SAIGRI   ;GRUPO BF ANDRADE;LB 03;MATRIZ;22/4/2020;1/7/2022;;
39.938.987/0001-25;BORGES & BORGES SERVICOS MEDICOS LTDA;GRUPO BORGES & BORGES;LB 07;MATRIZ;27/11/2020;27/11/2020;;
08.944.556/0003-00;BSB-DF TRANSPORTES DE CARGAS - FILIAL BA;GRUPO BSB EXPRESS;LB 05;FILIAL;28/11/2014;1/6/2018;;
08.944.556/0001-48;BSB-DF TRANSPORTES DE CARGAS - MATRIZ;GRUPO BSB EXPRESS;LB 05;MATRIZ;19/6/2007;1/6/2018;;
12.506.375/0001-07;DFLOG - TRANSPORTE DE CARGAS LTDA;GRUPO BSB EXPRESS;LB 05;MATRIZ;9/9/2010;1/6/2018;;
08.944.556/0002-29;BSB-DF TRANSPORTES DE CARGAS - FILIAL GO;GRUPO BSB EXPRESS;LB 05;FILIAL;25/2/2010;1/6/2018;;
35.831.095/0001-70;CAPITALMED TRANSPORTES DE CARGAS LTDA;GRUPO BSB EXPRESS;LB 07;MATRIZ;20/12/2019;20/12/2019;;
08.944.556/0006-52;BSB-DF TRANSPORTES DE CARGAS - FILIAL MG (CONTAGEM);GRUPO BSB EXPRESS;LB 05;FILIAL;29/7/2021;29/7/2021;;
26.849.941/0001-98;BSB-MG TRANSPORTES - MATRIZ;GRUPO BSB EXPRESS;LB 05;MATRIZ;12/1/2017;1/6/2018;;
08.944.556/0004-90;BSB-DF TRANSPORTES DE CARGAS - FILIAL RJ (NITEROI);GRUPO BSB EXPRESS;LB 05;FILIAL;22/9/2015;1/6/2018;;
08.944.556/0005-71;BSB-DF TRANSPORTES DE CARGAS - FILIAL SP (ARARAQUARA);GRUPO BSB EXPRESS;LB 05;FILIAL;29/9/2016;1/6/2018;;
08.944.556/0008-14;BSB-DF TRANSPORTES DE CARGAS - FILIAL SO (SÃO PAULO);GRUPO BSB EXPRESS;LB 05;FILIAL;20/5/2022;20/5/2022;;
24.702.356/0001-35;CAPITAL MEDH IMPORTACAO DISTRIBUICAO;GRUPO CAPITAL MEDH;LB 05;MATRIZ;2/5/2016;1/4/2019;;
40.998.638/0001-88;CARVALHO TECH SERVICOS E ASSISTENCIA;GRUPO CARVALHO TECH;LB 07;MATRIZ;25/2/2021;25/2/2021;;
40.076.519/0001-78;CLR COLCHÕES;GRUPO CLR COLCHÕES;LB 07;MATRIZ;10/12/2020;1/8/2021;;
10.684.153/0001-59;CONEX MIDIA COMUNICACAO EIRELI;GRUPO CONEX;LB 07;MATRIZ;11/3/2009;1/6/2017;;
05.501.848/0001-18;DELLA FIORE COSMETICOS E PERFUMARIA EIRELI;GRUPO DELLA FIORE;LB 06;MATRIZ;29/11/2002;;;
07.640.617/0002-00;DISTRIBUIDORA BRASIL COML DE PROD. MED. HOSP. - FILIAL DF;GRUPO DIST. BRASIL;LB 03;FILIAL;16/12/2019;1/3/2019;;
07.640.617/0001-10;DISTRIBUIDORA BRASIL COML DE PROD. MED. HOSP. - MATRIZ;GRUPO DIST. BRASIL;LB 03;MATRIZ;28/9/2005;1/3/2019;;
27.718.661/0001-03;ARMAZEM DOS MEDICAMENTOS;GRUPO DIST. BRASIL;LB 03;MATRIZ;12/5/2017;1/3/2019;;
46.288.493/0001-08;BRASIL PATRIMONIAL LTDA;GRUPO DIST. BRASIL;LB 03;MATRIZ;6/5/2022;6/5/2022;;
05.437.468/0001-61;FILGUEIRA E SANTANA LTDA;GRUPO DIST. BRASIL;LB 07;MATRIZ;17/12/2002;1/3/2019;;
40.951.414/0001-10;NF FARMACEUTICA E LOGISTICA EIRELI;GRUPO DIST. BRASIL;LB 07;MATRIZ;23/2/2021;23/2/2021;;
14.115.388/0002-61;ELLO DISTRIBUICAO LTDA - FILIAL DF;GRUPO ELLO;LB 03;FILIAL;24/10/2018;24/10/2018;;
14.115.388/0003-42;ELLO DISTRIBUICAO LTDA - MEDICAMENTOS ESPECIAIS;GRUPO ELLO;LB 03;FILIAL;23/4/2021;23/4/2021;;
14.115.388/0001-80;ELLO DISTRIBUICAO LTDA - MATRIZ;GRUPO ELLO;LB 03;MATRIZ;12/8/2011;1/10/2017;;
38.006.034/0001-66;WJSP PARTICIPACOES LTDA;GRUPO ELLO;LB 03;MATRIZ;7/8/2020;1/3/2021;;
38.214.055/0001-77;VPP PARTICIPACOES LTDA;GRUPO ELLO;LB 03;MATRIZ;25/8/2020;1/3/2021;;
38.284.657/0001-09;VPP PATRIMONIAL LTDA;GRUPO ELLO;LB 03;MATRIZ;31/8/2020;1/3/2021;;
38.310.139/0001-04;WP PARTICIPACOES LTDA;GRUPO ELLO;LB 03;MATRIZ;2/9/2020;1/3/2021;;
42.527.000/0001-94;ELLO TRANSPORTES LTDA;GRUPO ELLO;LB 03;MATRIZ;30/6/2021;30/6/2021;;
37.202.788/0001-29;DELIVERY SAUDE;GRUPO ELLO;LB 07;MATRIZ;21/5/2020;21/5/2020;;
14.115.388/0004-23;ELLO DISTRIBUICAO LTDA - FILIAL SP;GRUPO ELLO;LB 03;FILIAL;6/6/2022;6/6/2022;;
14.144.890/0001-10;ENGRE & CORS ENGRENAGENS E CORRENTES- 10;GRUPO ENGRE & CORS;LB 04;MATRIZ;16/8/2011;1/1/2021;;
14.144.890/0002-09;ENGRE & CORS ENGRENAGENS E CORRENTES- 09;GRUPO ENGRE & CORS;LB 04;FILIAL;8/2/2019;1/1/2021;;
33.220.933/0001-43;EXITO MEDICAMENTOS EIRELI;GRUPO EXITO;LB 04;MATRIZ;2/4/2019;;;
05.263.312/0009-69;EXPRESSO TRANSPORTE TURISMO LTDA - 69;GRUPO EXPRESSO;LB 02;FILIAL;22/8/2018;1/2/2021;;
05.263.312/0008-88;EXPRESSO TRANSPORTE TURISMO LTDA - 88;GRUPO EXPRESSO;LB 02;FILIAL;31/7/2018;1/2/2021;;
05.263.312/0001-01;EXPRESSO TRANSPORTE TURISMO LTDA - 01;GRUPO EXPRESSO;LB 02;MATRIZ;28/8/2002;1/2/2021;;
05.263.312/0011-83;EXPRESSO TRANSPORTE TURISMO LTDA - 83;GRUPO EXPRESSO;LB 02;FILIAL;24/8/2018;1/2/2021;;
05.263.312/0004-54;EXPRESSO TRANSPORTE TURISMO LTDA - 54;GRUPO EXPRESSO;LB 02;FILIAL;6/2/2018;1/2/2021;;
05.263.312/0006-16;EXPRESSO TRANSPORTE TURISMO LTDA - 16;GRUPO EXPRESSO;LB 02;FILIAL;21/5/2018;1/2/2021;;
05.263.312/0012-64;EXPRESSO TRANSPORTE TURISMO LTDA - 64;GRUPO EXPRESSO;LB 02;FILIAL;14/2/2022;14/2/2022;;
05.263.312/0007-05;EXPRESSO TRANSPORTE TURISMO LTDA - 05;GRUPO EXPRESSO;LB 02;FILIAL;27/7/2018;1/2/2021;;
05.263.312/0010-00;EXPRESSO TRANSPORTE TURISMO LTDA - 00;GRUPO EXPRESSO;LB 02;FILIAL;22/8/2018;1/2/2021;;
05.263.312/0003-73;EXPRESSO TRANSPORTE TURISMO LTDA - 73;GRUPO EXPRESSO;LB 02;FILIAL;23/6/2017;1/2/2021;;
05.263.312/0005-35;EXPRESSO TRANSPORTE TURISMO LTDA - 35;GRUPO EXPRESSO;LB 02;FILIAL;18/4/2018;1/2/2021;;
05.263.312/0002-92;EXPRESSO TRANSPORTE TURISMO LTDA - 92;GRUPO EXPRESSO;LB 02;FILIAL;21/8/2017;1/2/2021;;
40.855.353/0001-98;FFME CARVALHO AGROPECUARIA;GRUPO FFME;LB 07;MATRIZ;15/2/2021;15/2/2021;;
45.094.003/0001-70;GO LOGG SOLUCOES LOGISTICAS LTDA;GRUPO GO LOG;LB 05;MATRIZ;1/2/2022;1/2/2022;;
45.094.003/0002-50;GO LOGG SOLUCOES LOGISTICAS LTDA;GRUPO GO LOG;LB 05;FILIAL;20/5/2022;20/5/2022;;
26.852.591/0001-19;GP SOLUCOES E COMERCIO LTDA;GRUPO GP SOLUÇÕES;LB 07;MATRIZ;12/1/2017;1/12/2021;;
00.088.925/0001-36;IMEN INSTITUTO DE MEDICINA NUCLEAR;GRUPO IMEN;LB 08;MATRIZ;13/6/1994;1/1/2019;;
38.926.079/0001-59;IOE ODONTOLOGIA;GRUPO IOE;LB 07;MATRIZ;25/9/2020;25/9/2020;;
13.535.892/0002-58;PLATINA COMERCIO DE PRODUTOS MEDICOS- 58;GRUPO ISAC;LB 05;FILIAL;20/3/2017;1/4/2020;;
20.433.152/0001-95;KAIROS CARE SERVICOS E GESTAO EM SAUDE LTDA;GRUPO ISAC;LB 05;MATRIZ;11/6/2014;1/8/2021;;
13.535.892/0001-77;PLATINA COMERCIO DE PRODUTOS MEDICOS- 77;GRUPO ISAC;LB 05;MATRIZ;12/4/2011;1/4/2020;;
13.535.892/0003-39;PLATINA COMERCIO DE PRODUTOS MEDICOS- 39;GRUPO ISAC;LB 05;FILIAL;29/4/2021;29/4/2021;;
18.813.043/0001-51;VITAL CENTER CENTRO DE MEDICINA;GRUPO ISAC;LB 05;MATRIZ;3/9/2013;1/8/2021;;
41.399.952/0001-07;BOM SAUDE CREDITO EM SAUDE LTDA;GRUPO ISAC;LB 05;MATRIZ;30/3/2021;1/6/2021;;
03.416.540/0001-49;J MEDICA DISTRIBUIDORA DE MATERIAIS HOSPITALARES;GRUPO J MEDICA;LB 05;MATRIZ;22/9/1999;1/5/2019;;
42.161.987/0001-76;KINGSYS SOLUCOES EM SOFTWARE;GRUPO KINGSYS;LB 07;MATRIZ;1/6/2021;1/6/2021;;
46.288.904/0001-65;FLYBI SISTEMAS E INTELIGENCIA DE;GRUPO LOBE;LB 07;MATRIZ;6/5/2022;6/5/2022;;
01.570.529/0002-94;LOCAGYN MAQUINAS E EQUIPAMENTO- 94;GRUPO LOCAGYN;LB 04;FILIAL;19/6/2001;1/1/2017;;
01.570.529/0001-03;LOCAGYN MAQUINAS E EQUIPAMENTO- 03;GRUPO LOCAGYN;LB 04;MATRIZ;4/12/1996;1/1/2017;;
01.570.529/0003-75;LOCAGYN MAQUINAS E EQUIPAMENTO- 75;GRUPO LOCAGYN;LB 04;FILIAL;14/1/2005;1/1/2017;;
24.661.634/0001-53;LOCME EQUIPAMENTOS PARA CONSTRUCAO;GRUPO LOCAGYN;LB 07;MATRIZ;26/4/2016;1/4/2021;;
24.517.489/0001-31;SHOPEQUIP ADMINISTRADORA DE BENS;GRUPO LOCAGYN;LB 07;MATRIZ;4/4/2016;;;
01.570.529/0005-37;LOCAGYN MAQUINAS E EQUIPAMENTO- 37;GRUPO LOCAGYN;LB 04;FILIAL;13/4/2010;1/1/2017;;
10.202.833/0001-99;LOGMED DISTRIBUIDORA E LOGISTICA HOSPITALAR;GRUPO LOGMED;LB 05;MATRIZ;15/7/2008;;;
28.194.914/0001-50;L S COMERCIO DE PROD HOSPITALAR- 50;GRUPO LS HOSPITALAR;LB 04;MATRIZ;17/7/2017;1/3/2021;;
28.194.914/0002-30;L S COMERCIO DE PROD HOSPITALAR- 30;GRUPO LS HOSPITALAR;LB 04;FILIAL;15/3/2019;1/3/2021;;
30.205.320/0001-49;VI INDUSTRIA E COMERCIO DE CONFECCOES LTDA - 49;GRUPO MARKA DA PAZ;LB 06;MATRIZ;16/4/2018;1/4/2022;;
37.012.499/0001-67;VIDA CRISTA IND E COM DE ROUPAS;GRUPO MARKA DA PAZ;LB 06;MATRIZ;2/8/1991;1/4/2022;;
15.797.759/0002-03;META DISTRIBUIDORA DE MEDICAMENTOS LTDA;GRUPO META;LB 08;FILIAL;10/3/2016;1/6/2018;;
15.797.759/0001-14;META DISTRIBUIDORA DE MEDICAMENTOS LTDA;GRUPO META;LB 08;MATRIZ;27/6/2012;1/6/2018;;
01.561.646/0001-00;EMPRESA MOREIRA LIMITADA- 00;GRUPO MOREIRA;LB 02;MATRIZ;23/1/1967;1/2/2021;;
02.729.226/0001-53;ARAGUATUR VIAGENS E TURISMO- 53;GRUPO MOREIRA;LB 02;MATRIZ;21/1/1980;1/3/2021;;
26.912.824/0002-02;MOREIRA CARGAS EIRELI- 02 DF;GRUPO MOREIRA;LB 07;FILIAL;4/11/2010;1/4/2021;;
26.912.824/0001-21;MOREIRA CARGAS EIRELI- 21 GO;GRUPO MOREIRA;LB 07;MATRIZ;10/4/1991;1/4/2021;;
39.229.531/0001-96;LM PROMOCAO DE VENDAS E PARTICIPACOES;GRUPO MOREIRA;LB 07;MATRIZ;29/9/2020;1/1/2021;;
26.912.824/0003-93;MOREIRA CARGAS EIRELI- 93 MT;GRUPO MOREIRA;LB 07;FILIAL;9/8/2018;1/4/2021;;
01.561.646/0009-68;EMPRESA MOREIRA LIMITADA- 68;GRUPO MOREIRA;LB 02;FILIAL;1/9/1992;1/2/2021;;
02.729.226/0002-34;ARAGUATUR VIAGENS E TURISMO- 34;GRUPO MOREIRA;LB 02;FILIAL;1/11/2018;1/3/2021;;
36.806.770/0001-73;NEURO PHILOS EDUCACAO EXECUTIVA LTDA;GRUPO NEURO PHILOS;LB 07;MATRIZ;30/3/2020;1/8/2021;;
00.126.365/0001-67;AUTO PEÇAS NUNEDIESEL LTDA;GRUPO NUNEDIESEL;LB 04;MATRIZ;22/6/1994;1/3/2022;;
10.353.516/0001-73;AUTO PEÇAS E SERVIÇOS LB LTDA;GRUPO NUNEDIESEL;LB 04;MATRIZ;22/9/2008;1/3/2022;;
28.068.159/0001-67;AUTO PEÇAS E MECANICA 2 IRMÃOS LTDA;GRUPO NUNEDIESEL;LB 07;MATRIZ;29/6/2017;1/3/2022;;
21.866.592/0001-07;NUTRIFICA COMERCIO DE NUTRICAO ENTERAL- 07;GRUPO NUTRIFICA;LB 05;MATRIZ;3/2/2015;1/2/2021;;
21.866.592/0002-80;NUTRIFICA COMERCIO DE NUTRICAO ENTERAL- 80;GRUPO NUTRIFICA;LB 05;FILIAL;16/5/2017;1/2/2021;;
32.666.001/0001-66;PADRINHOS BAR E RESTAURANTE EIRELI;GRUPO PADRINHOS;LB 07;MATRIZ;5/2/2019;5/2/2019;;
02.348.815/0001-91;MIX DISTRIBUIDORA DE COSMETICOS EIRELI;GRUPO PARCERIA;LB 07;MATRIZ;1/12/1997;1/6/2020;;
25.125.510/0001-16;LACO BULLS COMERCIO DE ROUPAS;GRUPO PARCERIA;LB 07;MATRIZ;4/7/2016;1/3/2019;;
34.133.510/0001-59;STUDIO RAPHAEL BITILHER CONCEITO;GRUPO PARCERIA;LB 07;MATRIZ;5/7/2019;5/7/2019;;
45.936.627/0001-97;ELOHIM MARISTA LTDA;GRUPO ELOHIM;LB 07;MATRIZ;6/4/2022;6/4/2022;;
44.544.750/0001-08;MENDONCA E RIBEIRO PRODUCOES E COMERCIO LTDA;GRUPO PARCERIA;LB 07;MATRIZ;9/12/2021;9/12/2021;;
26.501.514/0001-14;H2 ESPACO DE EMBELEZAMENTO LTDA;GRUPO PARCERIA;LB 07;MATRIZ;8/11/2016;1/11/2017;;
36.665.898/0001-64;HAARETZ PRODUTOS E SERV;GRUPO PARCERIA;LB 07;MATRIZ;13/3/2020;13/3/2020;;
09.565.348/0001-09;PROHANDS DISTRIBUICAO DE PRODUTOS;GRUPO PARCERIA;LB 07;MATRIZ;12/5/2008;1/1/2019;;
41.267.514/0001-95;CAMARGOS ASSESSORIA E CONSULTORIA LTDA;GRUPO PARCERIA;LB 07;MATRIZ;18/3/2021;18/3/2021;;
33.851.025/0001-58;VIVARE ESTETICA AVANCADA EIRELI;GRUPO PARCERIA;LB 07;MATRIZ;6/6/2019;6/6/2019;;
39.991.044/0001-66;CONECT GESTAO & CONSULTORIA LTDA;GRUPO PARCERIA;LB 07;MATRIZ;2/12/2020;2/12/2020;;
29.637.698/0001-32;CONECT GESTAO EMPRESARIAL EIRELI;GRUPO PARCERIA;LB 07;MATRIZ;7/2/2018;1/4/2018;;
24.345.178/0001-32;CORPORE BEAUTY COMPANY LTDA;GRUPO PARCERIA;LB 07;MATRIZ;9/3/2016;1/3/2018;;
30.545.882/0001-31;DANY BEAUTY ESTETICA EIRELI;GRUPO PARCERIA;LB 07;MATRIZ;24/5/2018;24/5/2018;;
29.458.413/0001-04;H & H CONCEITO DE BELEZA LTDA;GRUPO PARCERIA;LB 07;MATRIZ;17/1/2018;17/1/2018;;
33.333.590/0001-23;IGROW CONSULTORIA;GRUPO PARCERIA;LB 07;MATRIZ;11/4/2019;15/5/2019;;
10.210.115/0001-64;MOVIMENTO KERIGMA;GRUPO PARCERIA;LB 08;MATRIZ;16/7/2008;;;
22.239.256/0001-99;MAISON SALAO SPA LTDA;GRUPO PARCERIA;LB 08;MATRIZ;13/4/2015;;;
24.344.687/0001-40;BARBEARIA E SALÃO SPA;GRUPO PARCERIA;LB 08;MATRIZ;9/3/2016;21/3/2018;;
30.260.082/0001-74;ANABRASIL DE PREMIOS, PREMIACOES E PROMOCOES LTDA;GRUPO PARCERIA;LB 08;MATRIZ;20/4/2018;1/3/2022;;
33.953.165/0001-37;MONTEIRO & RIBEIRO;GRUPO PARCERIA;LB 08;MATRIZ;17/6/2019;17/6/2019;;
43.573.761/0001-45;REDE DE PREMIOS PREMIACAO E PROM;GRUPO PARCERIA;LB 08;MATRIZ;20/9/2021;;;
45.569.037/0001-73;ANAEL EMPREENDIMENTOS E PARTICIPACOES;GRUPO PARCERIA;LB 08;MATRIZ;8/3/2022;8/3/2022;;
46.854.339/0001-56;MT COMERCIO DE PRODUTOS ALIMENTICIOS LTDA;GRUPO PARCERIA;LB 08;MATRIZ;21/6/2022;21/6/2022;;
37.024.745/0001-09;ABATEDOURO BOI FORTE;GRUPO PARCERIA;LB 07;MATRIZ;28/4/2020;1/7/2021;;
26.767.476/0001-46;P C SALAS FILHO;GRUPO PC;LB 07;MATRIZ;27/12/2016;1/2/2021;;
30.873.363/0001-00;PREMIUMVFX SOFTWARE E IMAGEM LTDA;GRUPO PREMIUMVFX;LB 08;MATRIZ;6/7/2018;6/7/2018;;
31.305.975/0001-51;QUALITY COMERCIAL DE PRODUTOS MEDICOS;GRUPO QUALITY;LB 08;MATRIZ;22/8/2018;22/8/2018;;
06.696.359/0002-02;RECMED COMERCIO DE MATERIAIS HOSPITALARES - FILIAL DF;GRUPO RECMED;LB 03;FILIAL;28/5/2007;1/6/2021;;
06.696.359/0001-21;RECMED COMERCIO DE MATERIAIS HOSPITALARES - MATRIZ;GRUPO RECMED;LB 03;MATRIZ;7/7/2004;1/6/2021;;
17.658.214/0001-52;CONTACTO ADMINISTRACAO E PARTICIPACOES;GRUPO RECMED;LB 03;MATRIZ;27/2/2013;1/6/2021;;
20.238.167/0001-00;SEGMENTO CONSULTORIA EMPRESARIAL;GRUPO RECMED;LB 03;MATRIZ;12/5/2014;1/6/2021;;
23.881.419/0001-03;R4 ADMINISTRAÇÃO E PARTICIPAÇÕES LTDA;GRUPO RECMED;LB 03;MATRIZ;23/12/2015;1/7/2021;;
27.325.768/0001-91;PREMIUM HOSPITALAR LTDA;GRUPO RECMED;LB 03;MATRIZ;17/3/2017;1/6/2021;;
34.921.773/0001-22;SUPERA MED HOSPITALAR EIRELI;GRUPO RECMED;LB 07;MATRIZ;19/9/2019;1/6/2021;;
08.172.563/0001-79;4 R INDUSTRIA E COMERCIO DE TUBOS DE LATEX;GRUPO RECMED;LB 07;MATRIZ;19/7/2006;1/6/2021;;
06.696.359/0003-93;RECMED COMERCIO DE MATERIAIS HOSPITALARES - FILIAL MT;GRUPO RECMED;LB 03;FILIAL;26/5/2017;1/6/2021;;
05.997.418/0001-39;RENOVAR AGRICOLA LTDA;GRUPO RENOVAR;LB 08;MATRIZ;12/11/2003;1/4/2022;;
37.871.241/0001-16;RIAJJY MOTO PECAS- 16;GRUPO RIAJJY MOTOS;LB 04;MATRIZ;12/7/1993;1/8/2021;;
37.871.241/0002-05;RIAJJY MOTO PECAS LTDA;GRUPO RIAJJY MOTOS;LB 04;FILIAL;4/2/2022;4/2/2022;;
45.564.560/0001-07;RC SERVICOS LTDA;GRUPO RINCO;LB 07;MATRIZ;8/3/2022;;;
37.657.541/0001-05;RINCO INDUSTRIA E COMERCIO;GRUPO RINCO;LB 08;MATRIZ;14/4/1993;1/12/2020;;
29.761.125/0001-16;SALAO DONA BELLA;GRUPO SALÃO DONA BELLA;LB 07;MATRIZ;23/2/2018;23/2/2018;;
00.920.531/0001-00;SANTA TEREZA FORMAS ANDAIMES;GRUPO SANTA TEREZA;LB 04;MATRIZ;21/11/1995;1/8/2019;;
10.648.051/0001-88;L.B.M. LOCACAO DE BENS MOVEIS LTDA;GRUPO SANTA TEREZA;LB 04;MATRIZ;17/2/2009;1/8/2019;;
16.699.864/0001-83;SANTE MEDICA HOSPITALAR LTDA;GRUPO SANTE;LB 03;MATRIZ;15/8/2012;1/4/2022;;
10.856.350/0005-31;SFERAS CONSTRUCOES & EMPREENDIMENTOS- 31;GRUPO SFERAS;LB 08;FILIAL;12/7/2019;1/1/2021;;
10.856.350/0001-08;SFERAS CONSTRUCOES & EMPREENDIMENTOS- 08;GRUPO SFERAS;LB 08;MATRIZ;22/5/2009;1/1/2021;;
09.283.910/0001-01;SINDILEQ;GRUPO SINDLEQ;LB 08;MATRIZ;4/10/2007;;;
13.009.953/0001-62;ENERGY COMERCIO DE ROUPAS EIRELI;GRUPO SOL & ENERGIA;LB 06;MATRIZ;14/12/2010;1/6/2022;;
13.009.953/0002-43;ENERGY COMERCIO DE ROUPAS EIRELI-43;GRUPO SOL & ENERGIA;LB 06;FILIAL;29/11/2019;1/6/2022;;
01.943.618/0001-58;TJJ FOGACA COMERCIAL DE ROUPAS EIRELI;GRUPO SOL & ENERGIA;LB 06;MATRIZ;26/6/1997;1/6/2022;;
01.943.618/0002-39;TJJ FOGACA COMERCIAL DE ROUPAS EIRELI-39;GRUPO SOL & ENERGIA;LB 06;FILIAL;1/7/1997;1/6/2022;;
01.943.618/0003-10;TJJ FOGACA COMERCIAL DE ROUPAS EIRELI-10;GRUPO SOL & ENERGIA;LB 06;FILIAL;6/8/2007;1/6/2022;;
11.274.246/0001-78;SE COMERCIO DE ROUPAS LTDA;GRUPO SOL & ENERGIA;LB 06;MATRIZ;20/10/2009;1/6/2022;;
11.274.246/0003-30;SE COMERCIO DE ROUPAS LTDA-30;GRUPO SOL & ENERGIA;LB 06;FILIAL;1/3/2021;1/6/2022;;
11.274.246/0004-10;SE COMERCIO DE ROUPAS LTDA-10;GRUPO SOL & ENERGIA;LB 06;FILIAL;29/11/2021;1/6/2022;;
25.132.416/0001-94;SOL E ENERGIA MODAS;GRUPO SOL & ENERGIA;LB 06;MATRIZ;8/5/1989;1/6/2022;;
25.132.416/0006-07;SOL E ENERGIA MODAS EIRELI-07;GRUPO SOL & ENERGIA;LB 06;FILIAL;22/11/2012;1/6/2022;;
25.132.416/0007-80;SOL E ENERGIA MODAS EIRELI-80;GRUPO SOL & ENERGIA;LB 06;FILIAL;10/6/2015;1/6/2022;;
25.132.416/0009-41;SOL E ENERGIA MODAS EIRELI-41;GRUPO SOL & ENERGIA;LB 06;FILIAL;29/7/2015;1/6/2022;;
25.132.416/0010-85;SOL E ENERGIA MODAS EIRELI-85;GRUPO SOL & ENERGIA;LB 06;FILIAL;9/1/2017;1/6/2022;;
06.065.614/0002-19;SUPERMEDICA DISTRIBUIDORA HOSPITALAR EIRELI - FILIAL DF;GRUPO SUPERMEDICA;LB 03;FILIAL;5/7/2021;5/7/2021;;
06.065.614/0001-38;SUPERMEDICA DISTRIBUIDORA HOSPITALAR EIRELI - MATRIZ;GRUPO SUPERMEDICA;LB 03;MATRIZ;15/1/2004;1/2/2021;;
28.415.097/0001-12;ANAPOLIS INDUSTRIA E COMERCIO;GRUPO SUPERMEDICA;LB 03;MATRIZ;14/8/2017;1/2/2021;;
32.996.515/0001-80;GRAN MED BRASIL PARTICIPACOES EIRELI;GRUPO SUPERMEDICA;LB 03;MATRIZ;12/3/2019;1/2/2021;;
41.675.654/0001-00;GRAN MED LOGISTICA LTDA;GRUPO SUPERMEDICA;LB 03;MATRIZ;23/4/2021;23/4/2021;;
46.563.084/0001-72;GRAN MED PATRIMONIAL LTDA;GRUPO SUPERMEDICA;LB 03;MATRIZ;27/5/2022;27/5/2022;;
35.166.029/0001-22;GOIAS TECIDOS E FIOS EIRELI;GRUPO SUPERMEDICA;LB 07;MATRIZ;14/10/2019;1/2/2021;;
44.948.053/0001-04;PHARMA MEDICAL COMERCIO DE PRODUTOS HOSPITALARES;GRUPO PHARMA MEDICAL;LB 07;MATRIZ;20/1/2022;20/1/2022;;
43.344.269/0001-06;TA NA MAO LTDA;GRUPO TA NA MÃO;LB 07;MATRIZ;31/8/2021;31/8/2021;;
40.608.099/0001-23;TOUCH COMERCIO DE ELETRONICOS LTDA;GRUPO TOUCH;LB 07;MATRIZ;28/1/2021;28/1/2021;;
24.822.967/0001-17;TRILHA MOTO PECAS COMERCIO E IMPORTACOES- 17;GRUPO TRILHA MOTOS;LB 04;MATRIZ;4/7/1988;1/1/2020;;
24.822.967/0002-06;TRILHA MOTO PECAS COMERCIO E IMPORTACOES LTDA- 06;GRUPO TRILHA MOTOS;LB 04;FILIAL;5/12/2008;1/1/2020;;
17.252.670/0001-06;VITALMEDICA DISTRIBUIDORA DE MOVEIS;GRUPO VITALMEDICA;LB 07;MATRIZ;4/12/2012;1/2/2021;;
45.051.336/0001-11;VOLCAR AUTOPECAS LTDA;GRUPO VOLCAR;LB 07;MATRIZ;28/1/2022;28/1/2022;;
21.578.209/0001-07;WESLEY TOMAS DA SILVA;GRUPO WT;LB 07;MATRIZ;16/12/2014;1/11/2020;;
29.559.273/0001-52;CENTRO AUTOMOTIVO WT;GRUPO WT;LB 07;MATRIZ;29/1/2018;1/11/2020;;
45.915.893/0001-33;PETRA COMERCIAL LTDA;GRUPO PETRA;LB 07;MATRIZ;5/4/2022;5/4/2022;;
44.041.837/0001-54;GOIANIA LOG LTDA;GRUPO GO LOG;LB 07;MATRIZ;27/10/2021;27/10/2021;;
35.409.934/0001-66;WFL REPRESENTAÇÕES AP;GRUPO WFL;LB 07;MATRIZ;5/11/2019;5/11/2019;;
41.544.483/0001-72;SILVA MARQUES SERVICOS E CONSULTORIA LTDA;GRUPO PARCERIA;LB 07;MATRIZ;12/4/2021;12/4/2021;;
41.333.655/0001-69;TEMPLO MUSIC PRODUCOES;GRUPO PC;LB 07;MATRIZ;24/3/2021;24/3/2021;;
44.512.509/0001-99;PEACE REPRESENTACOES COMERCIAL L;GRUPO PEACE;LB 07;MATRIZ;7/12/2021;;;
45.587.674/0001-72;BY ME PRESENTES LTDA - DF;GRUPO BY ME;LB 07;MATRIZ;9/3/2022;9/3/2022;;
17.890.028/0001-44;VANUZA PEREIRA BATISTA LTDA;GRUPO COLCCI;LB 07;MATRIZ;4/4/2013;;;
33.485.151/0001-36;UNICA MEDICAL COMERCIO;GRUPO SUPERMEDICA;LB 07;MATRIZ;29/4/2019;1/2/2021;;
45.051.294/0001-19;GME SERVIÇOS LTDA;GRUPO MOREIRA;LB 07;MATRIZ;28/1/2022;28/1/2022;;
33.821.402/0001-06;CLINICA CARDIOLOGICA DR FERNANDA VILELA;GRUPO Dra FERNANDA;LB 07;MATRIZ;4/6/2019;4/6/2019;;
37.778.405/0001-65;BEATRIZ AZEVEDO DE MORAIS;;LB 07;MATRIZ;20/7/2020;1/2/2022;;
34.468.001/0001-87;FERNANDA PAULA COMERCIO DE PRODUTOS HOSPITALARES;GRUPO PARCERIA;LB 07;MATRIZ;8/8/2019;1/1/2022;;
33.264.972/0001-42;GABRIEL FERNANDO EMBELEZAMENTOS;GRUPO PARCERIA;LB 07;MATRIZ;5/4/2019;15/5/2019;;
36.327.552/0001-56;GINA LEOLOBRIGIDA PESSOA CONSULTORIA AP;;LB 07;MATRIZ;11/2/2020;11/2/2020;;
42.243.344/0001-71;JKF COMERCIO DE PRODUTOS ALIMENTICIOS LTDA;GRUPO PARCERIA;LB 07;MATRIZ;8/6/2021;8/6/2021;;
38.424.888/0001-62;LM GESTAO E CONSULTORIA;GRUPO PARCERIA;LB 07;MATRIZ;11/9/2020;11/9/2020;;
43.231.795/0001-51;LOVELY PRATAS LTDA;GRUPO PARCERIA;LB 07;MATRIZ;23/8/2021;1/10/2021;;
30.676.986/0001-85;MURILLO DE SOUZA ADVOCACIA;;LB 07;MATRIZ;25/5/2018;;;
13.784.435/0001-16;NATA WESLEY MENDANHA- 16;GRUPO NATA WESLEY;LB 07;MATRIZ;9/6/2011;1/1/2021;;
25.078.852/0001-22;NBM REPRESENTACAO COMERCIAL;;LB 07;MATRIZ;27/6/2016;;;
13.784.435/0002-05;NATA WESLEY MENDANHA- 05;GRUPO NATA WESLEY;LB 07;FILIAL;26/7/2016;1/1/2021;;
24.758.322/0001-62;PREST SERVICE ADMINISTRADORA E SERVICOS;GRUPO PARCERIA;LB 07;MATRIZ;9/5/2016;;;
29.323.403/0001-53;RAFAEL DIAS DE SOUSA SOCIEDADE LTDA;;LB 07;MATRIZ;27/12/2017;27/12/2017;;
29.333.686/0001-14;RD CONSULTORIA E ASSESSORIA LTDA;;LB 07;MATRIZ;29/12/2017;1/1/2018;;
34.560.553/0001-10;RFC CONSULTORIA DE TECNOLOGIA;;LB 07;MATRIZ;16/8/2019;16/8/2019;;
27.479.610/0001-76;GMB SERVICOS EIRELI;GRUPO SUPERMEDICA;LB 07;MATRIZ;6/4/2017;1/2/2021;;
21.116.707/0001-38;CONEXAO COSMETICOS E EMBALAGENS EIRELI;;LB 07;MATRIZ;25/9/2014;1/1/2022;;
43.268.412/0001-10;DESTAKK LOCACOES DE CABINES;GRUPO PC;LB 07;MATRIZ;25/8/2021;;;
36.941.130/0001-76;LD DISTRIBUIDORA DE MOVEIS;;LB 07;MATRIZ;15/4/2020;1/2/2021;;
19.865.022/0001-42;GMF CONSULTORIA LTDA;GRUPO MARKA DA PAZ;LB 07;MATRIZ;12/3/2014;1/4/2022;;
01.048.381/0001-41;MARKA DA PAZ INDUSTRIA E COMERCI;GRUPO MARKA DA PAZ;LB 07;MATRIZ;13/2/1996;1/4/2022;;
44.345.200/0001-51;BATISTA BRANDAO NEGOCIOS E INTER;GRUPO MARKA DA PAZ;LB 07;MATRIZ;23/11/2021;1/4/2022;;
29.680.333/0001-90;PRIME CONSULTORIA E ASSESSORIA;;LB 07;MATRIZ;14/2/2018;14/2/2018;;
45.853.977/0001-90;BY ME PRESENTES ARAGUAIA LTDA - GO;GRUPO BY ME;LB 07;MATRIZ;31/3/2022;;;
28.890.338/0001-85;FYTONATURE COMERCIO E DISTRIBUICAO DE COSMETICOS EIRELI;GRUPO DELLA FIORE;LB 07;MATRIZ;19/10/2017;;;
36.325.029/0001-90;PET FELIZ - EIRELI;;LB 07;MATRIZ;11/2/2020;;;
46.976.292/0001-01;MR SOLUÇÕES ADMINISTRATIVOS LTDA;;LB 07;MATRIZ;30/6/2022;30/6/2022;;
46.803.628/0001-26;RM SOLUCAO LTDA - 26;;LB 07;MATRIZ;15/6/2022;1/7/2022;;
36.695.764/0001-96;RESTAURANTE BARRIGA CHEIA;;LB 07;MATRIZ;17/3/2020;1/7/2022;;
39.752.457/0001-98;MAIS MEDICAL DISTRIBUIDORA HOSPITALAR LTDA;;LB 07;MATRIZ;11/11/2020;1/7/2022;;
39.519.411/0001-23;BRUNO GASPAROTI DA COSTA 7031754;;LB 07;MATRIZ;22/10/2020;;;
33.754.598/0001-63;ANA JULIA SANCHEZ CHINIARA BATUT;;LB 07;MATRIZ;28/5/2019;;;
33.739.243/0001-03;CARLOS GABRIEL CARVALHO MACEDO 05506028105;;LB 07;MATRIZ;27/5/2019;;;
45.643.531/0001-30;L E H SERVICOS DE EMBELEZAMENTO LTDA;GUPO PARCERIA;LB 07;MATRIZ;14/3/2022;1/7/2022;;
26.402.340/0001-32;ESCOLA PRIMEIRA INFANCIA - EPI - LTDA;;LB 07;MATRIZ;21/10/2016;1/7/2022;;
22.452.450/0001-58;MEGATORQ MANUTENCAO GESTAO OTIMIZACAO LTDA;;LB 07;MATRIZ;14/5/2015;1/4/2022;;
46.975.227/0001-53;BAREATO ADVOGADOS E ASSOCIADOS;;LB 07;MATRIZ;18/4/2022;;;
05.747.254/0001-91;ACADJUR - ACADEMIA DE ESTUDOS JURIDICOS LTDA;;LB 07;MATRIZ;27/6/2003;;;
00.279.800/0001-93;PRIMEIRA INFANCIA COMUNIDADE EDUCACIONAL LTDA;;LB 07;MATRIZ;7/11/1994;1/7/2022;;
32.429.377/0001-57;REAL CLUB E EVENTOS EIRELI;;LB 08;MATRIZ;11/1/2019;1/2/2022;;
44.039.966/0001-08;FIVE GESTAO LTDA;;LB 08;MATRIZ;27/10/2021;27/10/2021;;
08.593.452/0001-36;DENTAL REZENDE LTDA;GRUPO DENTAL REZENDE;LB 08;MATRIZ;17/1/2007;1/1/2017;;
36.206.949/0001-90;A.CARINY APOIO ADMINISTRATIVO EIRELI;GRUPO PARCERIA;LB 07;MATRIZ;31/1/2020;1/9/2021;;
47.487.663/0001-46;D3 CHOCOLATES LTDA;GRUPO CACAU SHOW;LB 07;MATRIZ;9/8/2022;9/8/2022;;
